Domain,Status,Attractiveness,Demand,Length,Sectors,Created,Expires,Registrar
brief.wedding,available,124,19%,5,"Business,Education,General,Law",,,
second.wedding,expiring,120,23%,6,"General,Mathematics",07/09/2024 13:36,07/09/2025 13:36,"Name.com, Inc."
wizard.wedding,available,118,42%,6,"Entertainment,Media,Technology",,,
tenth.wedding,available,116,7%,5,Mathematics,,,
equal.wedding,available,116,19%,5,"Education,General,Law",,,
flat.wedding,available,116,24%,4,"Construction,Real Estate",,,
hotshot.wedding,available,112,14%,7,"Business,Entertainment,Sports",,,
above.wedding,available,112,22%,5,Business,,,
acute.wedding,available,112,9%,5,"Mathematics,Medicine,Science",,,
zero.wedding,available,112,49%,4,Mathematics,,,
abstract.wedding,available,108,29%,8,"Arts,Humanities,Science",,,
abiding.wedding,available,106,5%,7,"General,Religion",,,
active.wedding,available,104,27%,6,"Health and Fitness,Sports,Travel",,,
expert.wedding,available,104,26%,6,"Business,Education,Technology",,,
teen.wedding,available,104,14%,4,"Education,Entertainment,Healthcare",,,
eight.wedding,available,102,23%,5,"General,Mathematics",,,
captive.wedding,available,102,14%,7,"Entertainment,Hospitality,Technology",,,
absent.wedding,available,102,8%,6,"Business,Education,Technology",,,
extra.wedding,available,102,26%,5,"Fashion,Retail,Technology",,,
whiz.wedding,available,100,12%,4,"Business,Education,Technology",,,
crack.wedding,available,100,20%,5,Sports,,,
third.wedding,available,100,16%,5,Mathematics,,,
sixth.wedding,available,100,8%,5,Mathematics,,,
eighth.wedding,available,100,6%,6,Mathematics,,,
ninth.wedding,available,100,9%,5,Mathematics,,,
remove.wedding,available,100,13%,6,"Construction,Manufacturing,Technology",,,
abrupt.wedding,available,100,3%,6,"Medicine,Science",,,
adjunct.wedding,available,100,5%,7,Education,,,
genius.wedding,expiring,98,46%,6,"Arts,Education,Technology",24/08/2024 23:49,24/08/2025 23:49,"GoDaddy.com, LLC"
whizz.wedding,available,98,11%,5,"Business,Education,Technology",,,
academic.wedding,available,96,20%,8,"Education,Humanities,Science",,,
forgiving.wedding,available,96,3%,9,"Healthcare,Religion",,,
actual.wedding,available,96,22%,6,"Real Estate,Retail,Technology",,,
alamode.wedding,available,96,12%,9,Fashion,,,
doable.wedding,available,96,9%,6,"Business,Education,Technology",,,
adequate.wedding,available,94,9%,8,"Education,Healthcare,Technology",,,
abject.wedding,available,94,7%,6,Humanities,,,
twentieth.wedding,available,92,3%,9,Mathematics,,,
exemplary.wedding,available,92,5%,9,"Business,Education,Healthcare",,,
nought.wedding,available,92,4%,6,Mathematics,,,
derelict.wedding,available,92,7%,8,"Construction,Real Estate",,,
adept.wedding,available,92,24%,5,"Education,Health and Fitness,Sports",,,
abroad.wedding,available,92,12%,6,"Hospitality,Travel",,,
adjective.wedding,available,92,5%,9,Education,,,
neutral.wedding,available,92,20%,7,"Business,Media,Politics",,,
clear.wedding,available,90,47%,5,"Manufacturing,Retail,Technology",,,
adoring.wedding,available,90,2%,7,"Entertainment,Fashion,Retail",,,
leash.wedding,available,90,7%,5,"General,Health and Fitness,Retail",,,
additional.wedding,available,90,8%,10,"Fashion,Retail,Technology",,,
riveting.wedding,available,90,6%,8,"Entertainment,Media,Technology",,,
abortive.wedding,available,90,1%,8,"Medicine,Science",,,
addictive.wedding,available,90,9%,9,Healthcare,,,
gripping.wedding,available,90,3%,8,"Entertainment,Media,Technology",,,
endearing.wedding,available,90,1%,9,"Entertainment,Fashion,Retail",,,
twelve.wedding,available,88,18%,6,"General,Mathematics",,,
fifteen.wedding,available,88,13%,7,Mathematics,,,
ten.wedding,available,88,28%,3,"General,Mathematics",,,
proficient.wedding,available,88,8%,10,"Education,Health and Fitness,Sports",,,
actionable.wedding,available,88,13%,10,"Business,Law",,,
activist.wedding,available,88,12%,8,"Humanities,Politics",,,
wide.wedding,available,88,18%,4,"Business,Media,Technology",,,
sixteen.wedding,available,88,11%,7,Mathematics,,,
hundred.wedding,available,88,14%,7,Mathematics,,,
three.wedding,available,88,24%,5,Mathematics,,,
ace.wedding,available,88,34%,3,Sports,,,
eleven.wedding,available,88,33%,6,Mathematics,,,
adlib.wedding,available,88,7%,6,Entertainment,,,
xiv.wedding,available,86,12%,3,Mathematics,,,
intent.wedding,available,86,25%,6,"Business,Education,Technology",,,
attendant.wedding,available,86,5%,9,"Healthcare,Hospitality,Transportation",,,
xix.wedding,available,86,11%,3,Mathematics,,,
adolescent.wedding,available,86,3%,10,"Education,Entertainment,Healthcare",,,
aboriginal.wedding,available,86,10%,10,Humanities,,,
cipher.wedding,available,86,29%,6,Mathematics,,,
recondite.wedding,available,86,4%,9,"Arts,Humanities,Science",,,
extempore.wedding,available,86,3%,9,Entertainment,,,
engrossing.wedding,available,86,0%,10,"Entertainment,Media,Technology",,,
twentytwo.wedding,available,84,11%,10,Mathematics,,,
sharp.wedding,available,84,34%,5,"Arts,Fashion",,,
accessory.wedding,available,84,8%,9,"Fashion,Retail,Technology",,,
fourteen.wedding,available,84,8%,8,Mathematics,,,
nineteen.wedding,available,84,8%,8,Mathematics,,,
thirteen.wedding,available,84,10%,8,Mathematics,,,
thousand.wedding,available,84,8%,8,Mathematics,,,
twentyone.wedding,available,84,13%,10,Mathematics,,,
acting.wedding,available,84,12%,6,Entertainment,,,
grand.wedding,available,84,25%,5,"Finance,General",,,
seventeen.wedding,available,84,7%,9,Mathematics,,,
adjustable.wedding,available,84,3%,10,"Manufacturing,Retail,Technology",,,
deviate.wedding,available,84,12%,7,"Medicine,Science",,,
abenaki.wedding,available,82,2%,7,Geography,,,
cleansing.wedding,available,82,3%,9,Health and Fitness,,,
abdominal.wedding,available,82,1%,9,"Health and Fitness,Medicine",,,
absorbent.wedding,available,82,3%,9,"Healthcare,Manufacturing,Retail",,,
fivesome.wedding,available,82,1%,8,Sports,,,
impromptu.wedding,available,82,16%,9,Entertainment,,,
altered.wedding,available,82,9%,7,"Medicine,Science",,,
dozen.wedding,available,82,10%,5,Mathematics,,,
abroach.wedding,available,82,1%,7,Food and Beverage,,,
decade.wedding,available,82,10%,6,Mathematics,,,
abkhaz.wedding,available,82,1%,6,Geography,,,
enduring.wedding,available,82,9%,8,"Health and Fitness,Religion",,,
two.wedding,available,80,24%,3,Mathematics,,,
absolute.wedding,available,80,25%,8,"Engineering,Mathematics,Science",,,
absurd.wedding,available,80,16%,6,"Arts,Entertainment,Media",,,
able.wedding,available,80,29%,4,"Business,Education,General,Technology",,,
yard.wedding,available,80,26%,4,"Construction,General",,,
absorbable.wedding,available,80,0%,10,"Healthcare,Pharmaceuticals,Science",,,
twenty.wedding,available,80,12%,6,Mathematics,,,
wiz.wedding,available,80,30%,3,"Business,Education,Technology",,,
trio.wedding,available,80,21%,4,Entertainment,,,
seventh.wedding,resell,80,10%,7,Mathematics,16/10/2020 19:23,16/10/2025 19:23,"GoDaddy.com, LLC"
sequent.wedding,available,80,7%,7,"Healthcare,Insurance,Transportation",,,
first.wedding,available,80,36%,5,"General,Mathematics",,,
abundant.wedding,available,80,19%,8,"Agriculture,Manufacturing,Retail",,,
dorsal.wedding,available,80,6%,6,"Medicine,Science",,,
capable.wedding,available,80,12%,7,"Business,Education,Technology",,,
forty.wedding,available,80,9%,5,Mathematics,,,
nine.wedding,available,80,24%,4,"General,Mathematics",,,
adoptable.wedding,available,80,3%,9,"Education,Healthcare",,,
worshipful.wedding,available,80,1%,10,"Education,Healthcare,Religion",,,
superstar.wedding,available,80,18%,9,Entertainment,,,
accepted.wedding,available,78,6%,8,"Business,Education,Technology",,,
acceptable.wedding,available,78,5%,10,"Business,Hospitality,Retail",,,
abkhasian.wedding,available,78,1%,9,Geography,,,
dormant.wedding,available,78,4%,7,"Medicine,Science",,,
acceptant.wedding,available,78,1%,9,"Education,Healthcare",,,
recognised.wedding,available,78,3%,10,"Business,Education,Technology",,,
low.wedding,available,78,20%,3,"Business,Finance",,,
adjacent.wedding,available,78,9%,8,"Construction,Real Estate,Retail",,,
accidental.wedding,available,78,11%,10,"Healthcare,Insurance,Transportation",,,
adrenal.wedding,available,78,4%,7,"Education,Healthcare,Science",,,
abounding.wedding,available,78,2%,9,Agriculture,,,
sixtynine.wedding,available,78,8%,10,Mathematics,,,
athletic.wedding,available,78,15%,8,"Health and Fitness,Sports",,,
absorptive.wedding,available,78,1%,10,"Healthcare,Manufacturing,Retail",,,
abkhazian.wedding,available,78,1%,9,Geography,,,
accessible.wedding,available,78,21%,10,"Healthcare,Retail,Technology",,,
adorable.wedding,available,78,8%,8,"Entertainment,Fashion,Retail",,,
twentysix.wedding,available,78,8%,10,Mathematics,,,
recognized.wedding,available,78,3%,10,"Business,Education,Technology",,,
honestly.wedding,available,78,9%,8,"Business,Law",,,
accurate.wedding,available,78,16%,8,"Engineering,Mathematics,Science",,,
auxiliary.wedding,available,76,7%,9,"Healthcare,Manufacturing,Technology",,,
incidental.wedding,available,76,4%,10,"Healthcare,Insurance,Transportation",,,
firstrate.wedding,available,76,6%,10,Business,,,
ague.wedding,available,76,2%,4,"Geography,Medicine,Science",,,
ventral.wedding,available,76,3%,7,Science,,,
fourteenth.wedding,available,76,1%,10,Mathematics,,,
threed.wedding,available,76,7%,7,Technology,,,
fifteenth.wedding,available,76,2%,9,Mathematics,,,
hundredth.wedding,available,76,1%,9,Mathematics,,,
energizing.wedding,available,76,3%,10,"Food and Beverage,Health and Fitness,Travel",,,
adipose.wedding,available,76,2%,7,"Healthcare,Science",,,
adaptable.wedding,available,76,9%,9,"Business,Education,Technology",,,
eighteen.wedding,available,76,7%,8,Mathematics,,,
abrasive.wedding,available,76,6%,8,"Construction,Manufacturing",,,
adhesive.wedding,available,76,7%,8,"Construction,Manufacturing,Technology",,,
thirteenth.wedding,available,76,4%,10,Mathematics,,,
addable.wedding,available,76,2%,7,"Engineering,Mathematics,Science",,,
improvise.wedding,available,76,4%,9,Entertainment,,,
ancillary.wedding,available,76,6%,9,"Healthcare,Manufacturing,Technology",,,
obscene.wedding,available,76,5%,7,"Entertainment,Media",,,
nineteenth.wedding,available,76,3%,10,Mathematics,,,
adaptive.wedding,available,76,28%,8,"Business,Education,Technology",,,
resultant.wedding,available,76,2%,9,"Healthcare,Insurance,Transportation",,,
adherent.wedding,available,76,4%,8,"Politics,Religion",,,
thousandth.wedding,available,76,1%,10,Mathematics,,,
broad.wedding,available,74,13%,5,"Entertainment,General,Media",,,
accepting.wedding,available,74,3%,9,"Education,Healthcare",,,
manageable.wedding,available,74,4%,10,"Business,Education,Technology",,,
abnormal.wedding,available,74,16%,8,"Medicine,Science",,,
single.wedding,available,74,19%,6,Sports,,,
acuate.wedding,available,74,2%,6,"Engineering,Medicine,Science",,,
realizable.wedding,available,74,1%,10,"Business,Education,Technology",,,
playing.wedding,available,74,12%,7,Entertainment,,,
mavin.wedding,available,74,7%,5,"Entertainment,Fashion,Technology",,,
aberrant.wedding,available,74,6%,8,"Medicine,Science",,,
adapted.wedding,available,74,6%,7,"Healthcare,Manufacturing,Technology",,,
skilful.wedding,available,74,3%,7,"Education,Health and Fitness,Sports",,,
adenoid.wedding,available,74,1%,7,"Health and Fitness,Medicine,Science",,,
achievable.wedding,available,74,4%,10,"Business,Education,Technology",,,
admirable.wedding,available,74,5%,9,"Business,Education,Healthcare",,,
supra.wedding,available,74,25%,5,"Medicine,Science",,,
activated.wedding,available,74,9%,9,"Healthcare,Manufacturing,Technology",,,
cleared.wedding,available,74,7%,7,"Healthcare,Law,Transportation",,,
sensation.wedding,available,74,7%,9,"Entertainment,Media,Sports",,,
adrenergic.wedding,available,74,1%,10,"Education,Healthcare,Science",,,
adamant.wedding,available,74,14%,7,Religion,,,
adjectival.wedding,available,72,1%,10,Education,,,
adjunctive.wedding,available,72,1%,10,"Healthcare,Manufacturing,Technology",,,
accustomed.wedding,available,72,1%,10,"Business,Education,Humanities",,,
sixtieth.wedding,available,72,1%,8,Mathematics,,,
trey.wedding,available,72,14%,4,Sports,,,
accusative.wedding,available,72,0%,10,"Humanities,Law",,,
absolutist.wedding,available,72,1%,10,"Humanities,Law,Politics",,,
addicted.wedding,available,72,9%,8,Healthcare,,,
seventieth.wedding,available,72,1%,10,Mathematics,,,
ninetieth.wedding,available,72,1%,9,Mathematics,,,
absorbed.wedding,available,72,2%,8,"Entertainment,Media,Technology",,,
ablaze.wedding,available,72,6%,6,Entertainment,,,
liv.wedding,available,72,27%,3,Mathematics,,,
trinity.wedding,available,72,18%,7,Religion,,,
abreast.wedding,available,72,2%,7,"Business,Technology",,,
adonic.wedding,available,72,2%,6,"Arts,Education,Entertainment",,,
engrossed.wedding,available,72,1%,9,"Entertainment,Media,Technology",,,
aching.wedding,available,72,4%,6,Healthcare,,,
existent.wedding,available,72,3%,8,"Mathematics,Science",,,
adaptative.wedding,available,72,1%,10,"Business,Education,Technology",,,
eightieth.wedding,available,72,1%,9,Mathematics,,,
ternary.wedding,available,72,7%,7,Mathematics,,,
adiabatic.wedding,available,72,3%,9,"Engineering,Science",,,
improvize.wedding,available,72,1%,9,Entertainment,,,
practiced.wedding,available,70,3%,9,"Education,Health and Fitness,Sports",,,
abradant.wedding,available,70,1%,8,"Construction,Manufacturing",,,
adored.wedding,available,70,6%,6,"Entertainment,Fashion,Retail",,,
stillborn.wedding,available,70,2%,9,"Medicine,Science",,,
miserable.wedding,available,70,4%,9,Humanities,,,
lowdown.wedding,available,70,6%,8,"Entertainment,Media",,,
absorbing.wedding,available,70,3%,9,"Entertainment,Media,Technology",,,
acuminate.wedding,available,70,1%,9,"Engineering,Medicine,Science",,,
accumbent.wedding,available,70,1%,9,"Healthcare,Medicine,Science",,,
gymnastic.wedding,available,70,3%,9,"Entertainment,Sports",,,
unity.wedding,available,70,40%,5,Mathematics,,,
offhand.wedding,available,70,2%,7,Entertainment,,,
abulic.wedding,available,70,1%,6,Medicine,,,
consequent.wedding,available,70,3%,10,"Business,Education,General,Technology",,,
tiptop.wedding,available,70,24%,6,Fashion,,,
admired.wedding,available,70,5%,7,"Business,Education,Healthcare",,,
adjusted.wedding,available,70,5%,8,"Manufacturing,Retail,Technology",,,
skillful.wedding,available,70,9%,8,"Education,Health and Fitness,Sports",,,
adamantine.wedding,available,70,4%,10,Religion,,,
recumbent.wedding,available,70,2%,9,"Healthcare,Medicine,Science",,,
scurvy.wedding,available,68,3%,6,Humanities,,,
foursome.wedding,available,68,4%,8,Sports,,,
stygian.wedding,available,68,5%,7,Humanities,,,
abducent.wedding,available,68,0%,8,Medicine,,,
achaean.wedding,available,68,2%,7,Humanities,,,
aroused.wedding,available,68,3%,7,"Entertainment,Health and Fitness",,,
accredited.wedding,available,68,9%,10,"Business,Education,Healthcare",,,
ennead.wedding,available,68,5%,6,Mathematics,,,
vindicated.wedding,available,68,2%,10,"Humanities,Law,Politics",,,
thirtieth.wedding,available,68,1%,9,Mathematics,,,
acerate.wedding,available,68,1%,7,Science,,,
decorated.wedding,available,68,3%,9,"Entertainment,Fashion,Retail",,,
abkhas.wedding,available,68,0%,6,Geography,,,
abnaki.wedding,available,68,1%,6,Geography,,,
licenced.wedding,available,68,2%,8,"Business,Healthcare,Insurance",,,
octonary.wedding,available,68,1%,8,Mathematics,,,
ane.wedding,available,68,12%,3,Mathematics,,,
achaian.wedding,available,68,2%,7,Humanities,,,
fiftieth.wedding,available,68,0%,8,Mathematics,,,
aberdonian.wedding,available,68,1%,10,Geography,,,
disciple.wedding,available,68,14%,8,"Education,Religion",,,
licensed.wedding,available,68,5%,8,"Business,Healthcare,Insurance",,,
fortieth.wedding,available,68,0%,8,Mathematics,,,
aculeate.wedding,available,68,1%,8,"Engineering,Medicine,Science",,,
activating.wedding,available,68,3%,10,"Healthcare,Manufacturing,Technology",,,
ablative.wedding,available,68,3%,8,Science,,,
threesome.wedding,available,68,5%,9,Entertainment,,,
sevener.wedding,available,68,1%,7,Mathematics,,,
septenary.wedding,available,68,1%,9,Mathematics,,,
xxvi.wedding,available,66,3%,4,Mathematics,,,
acappella.wedding,available,66,6%,10,Entertainment,,,
six.wedding,available,66,26%,3,Mathematics,,,
thirty.wedding,available,66,8%,6,Mathematics,,,
five.wedding,available,66,26%,4,Mathematics,,,
clv.wedding,available,66,10%,3,Mathematics,,,
abstinent.wedding,available,66,1%,9,"Health and Fitness,Religion",,,
eighty.wedding,available,66,6%,6,Mathematics,,,
modish.wedding,available,66,5%,6,Fashion,,,
xvi.wedding,available,66,5%,3,Mathematics,,,
maven.wedding,available,66,30%,5,"Entertainment,Fashion,Technology",,,
teenager.wedding,available,66,4%,8,"Education,Entertainment,Healthcare",,,
according.wedding,available,66,3%,9,"Business,Education,Technology",,,
performing.wedding,available,66,6%,10,Entertainment,,,
onec.wedding,available,66,6%,5,Mathematics,,,
xii.wedding,available,66,10%,3,Mathematics,,,
xiii.wedding,available,66,9%,4,Mathematics,,,
acrobatic.wedding,available,66,4%,9,"Entertainment,Sports",,,
sextet.wedding,available,66,1%,6,Entertainment,,,
accessary.wedding,available,66,1%,9,"Business,Law,Technology",,,
acervate.wedding,available,66,1%,8,Science,,,
buzzing.wedding,available,66,7%,7,"Entertainment,Media,Technology",,,
xvii.wedding,available,66,5%,4,Mathematics,,,
xxv.wedding,available,66,6%,3,Mathematics,,,
tenner.wedding,available,66,5%,6,Finance,,,
xviii.wedding,available,66,5%,5,Mathematics,,,
adorned.wedding,available,66,5%,7,"Entertainment,Fashion,Retail",,,
century.wedding,available,66,17%,7,Education,,,
fifty.wedding,available,66,12%,5,Mathematics,,,
xxi.wedding,available,66,10%,3,Mathematics,,,
deuce.wedding,available,66,9%,5,Sports,,,
ninety.wedding,available,66,11%,6,Mathematics,,,
four.wedding,available,66,27%,4,Mathematics,,,
latest.wedding,available,66,18%,6,Technology,,,
exonerated.wedding,available,66,2%,10,"Humanities,Law,Politics",,,
xxii.wedding,available,66,6%,4,Mathematics,,,
adopted.wedding,available,66,4%,7,"Education,Healthcare",,,
deviant.wedding,available,64,12%,7,"Medicine,Science",,,
absolved.wedding,available,64,1%,8,"Humanities,Law,Religion",,,
adagio.wedding,available,64,14%,6,Entertainment,,,
rising.wedding,available,64,18%,6,"Construction,Manufacturing,Real Estate",,,
nondrinker.wedding,available,64,1%,10,"Health and Fitness,Religion",,,
astringent.wedding,available,64,1%,10,"Healthcare,Pharmaceuticals",,,
accordant.wedding,available,64,3%,9,"Arts,Entertainment",,,
aflame.wedding,available,64,3%,6,Entertainment,,,
ccc.wedding,available,64,38%,3,Mathematics,,,
acentric.wedding,available,64,2%,8,Science,,,
scatty.wedding,available,64,1%,6,"Arts,Entertainment,Media",,,
playacting.wedding,available,62,1%,10,Entertainment,,,
aborigine.wedding,available,62,1%,9,Humanities,,,
exculpated.wedding,available,62,1%,10,"Humanities,Law,Politics",,,
chiliad.wedding,available,62,2%,7,Mathematics,,,
orso.wedding,available,62,9%,5,"Business,Media,Technology",,,
fortyfour.wedding,available,62,6%,10,Mathematics,,,
abo.wedding,available,62,15%,3,Science,,,
wrapped.wedding,available,62,13%,7,"Fashion,Hospitality,Retail",,,
longdozen.wedding,available,62,2%,10,Mathematics,,,
ensuant.wedding,available,62,1%,7,"Healthcare,Insurance,Transportation",,,
twodozen.wedding,available,62,1%,9,Mathematics,,,
aufait.wedding,available,62,3%,7,"Fashion,Media",,,
accusing.wedding,available,62,1%,8,Law,,,
acidic.wedding,available,62,5%,6,"Food and Beverage,Science",,,
sixteenth.wedding,available,62,1%,9,Mathematics,,,
pungent.wedding,available,62,1%,7,Food and Beverage,,,
troika.wedding,available,62,8%,6,Politics,,,
adoptive.wedding,available,62,1%,8,"Education,Healthcare",,,
accrued.wedding,available,62,2%,7,"Banking,Finance,Insurance",,,
roughly.wedding,available,62,3%,7,"Business,Media,Technology",,,
adjuvant.wedding,available,62,5%,8,"Healthcare,Manufacturing,Technology",,,
eleventh.wedding,available,62,5%,8,Mathematics,,,
admissible.wedding,available,62,1%,10,"Education,Healthcare,Law",,,
eighteenth.wedding,available,62,1%,10,Mathematics,,,
activistic.wedding,available,62,1%,10,"Humanities,Politics",,,
activation.wedding,available,62,16%,10,"Healthcare,Manufacturing,Technology",,,
cumulative.wedding,available,62,2%,10,"Banking,Finance,Insurance",,,
sixty.wedding,available,60,13%,5,Mathematics,,,
eightysix.wedding,available,60,7%,10,Mathematics,,,
cxxx.wedding,available,60,4%,4,Mathematics,,,
cxxv.wedding,available,60,1%,4,Mathematics,,,
abashed.wedding,available,60,1%,7,Humanities,,,
cxxxv.wedding,available,60,2%,5,Mathematics,,,
idolised.wedding,available,60,1%,8,"Entertainment,Fashion,Retail",,,
thou.wedding,available,60,7%,4,Mathematics,,,
adnexal.wedding,available,60,1%,7,"Agriculture,Manufacturing,Retail",,,
aboveboard.wedding,available,60,5%,10,"Business,Law",,,
tertiary.wedding,available,60,4%,8,Education,,,
cxx.wedding,available,60,10%,3,Mathematics,,,
abstemious.wedding,available,60,0%,10,"Food and Beverage,Health and Fitness,Hospitality",,,
paunchy.wedding,available,60,0%,7,"Health and Fitness,Medicine",,,
abstainer.wedding,available,60,0%,9,"Health and Fitness,Religion",,,
annexal.wedding,available,60,1%,7,"Agriculture,Manufacturing,Retail",,,
cxv.wedding,available,60,4%,3,Mathematics,,,
clxx.wedding,available,60,3%,4,Mathematics,,,
xcl.wedding,available,60,5%,3,Mathematics,,,
clxxx.wedding,available,60,1%,5,Mathematics,,,
idolized.wedding,available,60,3%,8,"Entertainment,Fashion,Retail",,,
adnate.wedding,available,60,1%,6,"Agriculture,Manufacturing,Retail",,,
cxl.wedding,available,60,7%,3,Mathematics,,,
cxlv.wedding,available,60,2%,4,Mathematics,,,
clxv.wedding,available,60,1%,4,Mathematics,,,
cautionary.wedding,available,60,1%,10,"Business,Education,Healthcare",,,
clx.wedding,available,60,10%,3,Mathematics,,,
octet.wedding,available,60,12%,5,Arts,,,
clxxv.wedding,available,60,1%,5,Mathematics,,,
acceptive.wedding,available,60,1%,9,"Education,Healthcare",,,
tercet.wedding,available,59,2%,6,"Arts,Entertainment,Media",,,
fourscore.wedding,available,58,4%,9,Mathematics,,,
closeto.wedding,available,58,3%,8,"Business,Media,Technology",,,
adhoc.wedding,available,58,24%,6,"Business,Engineering,Technology",,,
linear.wedding,available,58,22%,6,"Engineering,Mathematics,Science",,,
cypher.wedding,available,58,29%,6,Mathematics,,,
abuzz.wedding,available,58,5%,5,"Entertainment,Media,Technology",,,
abandoned.wedding,available,58,10%,9,"Construction,Real Estate",,,
adjustive.wedding,available,58,1%,9,"Manufacturing,Retail,Technology",,,
fourth.wedding,available,58,13%,6,Mathematics,,,
quintet.wedding,available,58,8%,7,"Arts,Entertainment",,,
justabout.wedding,available,58,3%,10,"Business,Media,Technology",,,
accretive.wedding,available,58,6%,9,"Banking,Finance,Insurance",,,
sextuplet.wedding,available,58,1%,9,Healthcare,,,
lxxx.wedding,available,58,2%,4,Mathematics,,,
adient.wedding,available,58,4%,6,"Medicine,Science",,,
niner.wedding,available,58,5%,5,Mathematics,,,
acyclic.wedding,available,58,4%,7,"Engineering,Mathematics,Science",,,
actuarial.wedding,available,58,8%,9,"Finance,Insurance,Mathematics",,,
centesimal.wedding,available,58,1%,10,Mathematics,,,
enwrapped.wedding,available,58,0%,9,"Entertainment,Fashion,Media",,,
abridged.wedding,available,58,4%,8,Media,,,
heptad.wedding,available,58,1%,6,Mathematics,,,
accented.wedding,available,58,3%,8,"Arts,Entertainment",,,
abused.wedding,available,58,5%,6,"Healthcare,Law",,,
aucourant.wedding,available,58,3%,10,"Fashion,Media",,,
accoutred.wedding,available,58,1%,9,"Fashion,Manufacturing,Retail",,,
seventy.wedding,available,58,7%,7,Mathematics,,,
sixtyone.wedding,available,58,3%,9,Mathematics,,,
acetic.wedding,available,58,1%,6,"Food and Beverage,Science",,,
offhanded.wedding,available,58,1%,9,Entertainment,,,
tetrad.wedding,available,58,5%,6,Mathematics,,,
addible.wedding,available,58,2%,7,"Engineering,Mathematics,Science",,,
fifth.wedding,available,58,12%,5,Mathematics,,,
hexad.wedding,available,58,4%,5,Mathematics,,,
pentad.wedding,available,58,2%,6,Mathematics,,,
ache.wedding,available,58,7%,4,Healthcare,,,
seven.wedding,available,58,36%,5,Mathematics,,,
twelfth.wedding,available,58,2%,7,Mathematics,,,
eighter.wedding,available,58,2%,7,Mathematics,,,
octad.wedding,available,58,5%,5,Mathematics,,,
addressed.wedding,available,58,3%,9,"Business,Technology,Telecommunications",,,
sixer.wedding,available,58,5%,5,Sports,,,
lxxviii.wedding,available,58,1%,7,Mathematics,,,
super.wedding,available,58,47%,5,Business,,,
lii.wedding,available,56,7%,3,Mathematics,,,
lviii.wedding,available,56,1%,5,Mathematics,,,
fiftysix.wedding,available,56,4%,9,Mathematics,,,
xxxvii.wedding,available,56,2%,6,Mathematics,,,
xxxii.wedding,available,56,1%,5,Mathematics,,,
fiftynine.wedding,available,56,4%,10,Mathematics,,,
halfdozen.wedding,available,56,1%,10,Mathematics,,,
xxxv.wedding,available,56,4%,4,Mathematics,,,
fortysix.wedding,available,56,3%,9,Mathematics,,,
potbellied.wedding,available,56,0%,10,"Health and Fitness,Medicine",,,
xxxiv.wedding,available,56,1%,5,Mathematics,,,
appressed.wedding,available,56,0%,9,"Agriculture,Manufacturing,Retail",,,
xlviii.wedding,available,56,1%,6,Mathematics,,,
xxvii.wedding,available,56,3%,5,Mathematics,,,
xxxviii.wedding,available,56,1%,7,Mathematics,,,
lvi.wedding,available,56,8%,3,Mathematics,,,
ilx.wedding,available,56,5%,3,Mathematics,,,
xlii.wedding,available,56,5%,4,Mathematics,,,
addled.wedding,available,56,2%,6,Entertainment,,,
xliv.wedding,available,56,2%,4,Mathematics,,,
xxxi.wedding,available,56,9%,4,Mathematics,,,
xliii.wedding,available,56,1%,5,Mathematics,,,
accoutered.wedding,available,56,0%,10,"Fashion,Manufacturing,Retail",,,
xxviii.wedding,available,56,1%,6,Mathematics,,,
fiftytwo.wedding,available,56,6%,9,Mathematics,,,
xxxiii.wedding,available,56,2%,6,Mathematics,,,
thirtytwo.wedding,available,56,5%,10,Mathematics,,,
lvii.wedding,available,56,1%,4,Mathematics,,,
fiftyfour.wedding,available,56,3%,10,Mathematics,,,
admittible.wedding,available,56,1%,10,"Education,Healthcare,Hospitality",,,
xxxvi.wedding,available,56,1%,5,Mathematics,,,
fiftyone.wedding,available,56,7%,9,Mathematics,,,
fortytwo.wedding,available,56,17%,9,Mathematics,,,
admittable.wedding,available,56,1%,10,"Education,Healthcare,Hospitality",,,
terzetto.wedding,available,56,3%,8,Arts,,,
admissive.wedding,available,56,1%,9,"Education,Healthcare,Hospitality",,,
thirtyone.wedding,available,56,5%,10,Mathematics,,,
xxiv.wedding,available,56,5%,4,Mathematics,,,
abeyant.wedding,available,56,1%,7,"Business,Law",,,
liii.wedding,available,56,4%,4,Mathematics,,,
abdominous.wedding,available,56,0%,10,"Health and Fitness,Medicine",,,
xxiii.wedding,available,56,5%,5,Mathematics,,,
xxix.wedding,available,56,4%,4,Mathematics,,,
fortyone.wedding,available,56,4%,9,Mathematics,,,
triad.wedding,available,56,15%,5,Arts,,,
xli.wedding,available,56,5%,3,Mathematics,,,
xlvii.wedding,available,56,2%,5,Mathematics,,,
fortynine.wedding,available,56,3%,10,Mathematics,,,
xlvi.wedding,available,56,3%,4,Mathematics,,,
thirtysix.wedding,available,56,5%,10,Mathematics,,,
xlv.wedding,available,56,6%,3,Mathematics,,,
aone.wedding,available,56,15%,5,Food and Beverage,,,
fiftyfive.wedding,available,56,7%,10,Mathematics,,,
maledict.wedding,available,56,1%,8,Religion,,,
adpressed.wedding,available,54,0%,9,"Agriculture,Manufacturing,Retail",,,
deuceace.wedding,available,54,2%,9,Sports,,,
accursed.wedding,available,54,3%,8,"Entertainment,Media,Religion",,,
quaternion.wedding,available,54,6%,10,Mathematics,,,
abatable.wedding,available,54,1%,8,Law,,,
adjuratory.wedding,available,54,0%,10,"Law,Politics,Religion",,,
adductive.wedding,available,54,0%,9,"Engineering,Mathematics,Science",,,
viii.wedding,available,54,6%,4,Mathematics,,,
scratchy.wedding,available,54,3%,8,Fashion,,,
sise.wedding,available,54,5%,4,Mathematics,,,
twoscore.wedding,available,54,2%,8,Mathematics,,,
abhorrent.wedding,available,54,1%,9,Humanities,,,
quaternity.wedding,available,54,4%,10,Mathematics,,,
abatic.wedding,available,54,1%,6,Science,,,
quintuplet.wedding,available,54,1%,10,"Healthcare,Medicine,Science",,,
abducens.wedding,available,54,1%,8,Medicine,,,
monitory.wedding,available,54,3%,8,"Business,Education,Healthcare",,,
quatern.wedding,available,54,2%,7,Mathematics,,,
threescore.wedding,available,54,1%,10,Mathematics,,,
aboral.wedding,available,54,2%,6,Science,,,
quadruplet.wedding,available,54,1%,10,"Healthcare,Medicine,Science",,,
deserted.wedding,available,54,3%,8,"Hospitality,Real Estate",,,
adducent.wedding,available,54,1%,8,"Engineering,Mathematics,Science",,,
admonitory.wedding,available,54,0%,10,"Business,Education,Healthcare",,,
fin.wedding,available,54,30%,3,Finance,,,
iii.wedding,resell,54,24%,3,Mathematics,26/01/2021 23:50,26/01/2027 23:50,"GoDaddy.com, LLC"
adaxial.wedding,available,54,2%,7,Science,,,
accentual.wedding,available,54,3%,9,"Arts,Entertainment",,,
achromatic.wedding,available,54,4%,10,Science,,,
adducting.wedding,available,54,1%,9,"Engineering,Mathematics,Science",,,
actuated.wedding,available,54,2%,8,"Automotive,Manufacturing,Technology",,,
fortyfive.wedding,available,54,4%,10,Mathematics,,,
abient.wedding,available,54,1%,6,Science,,,
topnotch.wedding,available,54,18%,8,Business,,,
ternion.wedding,available,54,3%,7,Mathematics,,,
abasic.wedding,available,54,1%,6,Science,,,
acoustical.wedding,available,54,4%,10,Science,,,
unnatural.wedding,available,54,4%,9,"Medicine,Science",,,
abaxial.wedding,available,54,1%,7,Science,,,
vii.wedding,available,54,13%,3,Mathematics,,,
achy.wedding,available,54,3%,4,Healthcare,,,
xxx.wedding,available,53,30%,3,"Arts,Entertainment,Media",,,
sestet.wedding,available,53,1%,6,Arts,,,
septet.wedding,available,53,1%,6,General,,,
abominable.wedding,available,52,2%,10,"Entertainment,Humanities",,,
lxvii.wedding,available,52,1%,5,Mathematics,,,
xcvii.wedding,available,52,1%,5,Mathematics,,,
lxxvii.wedding,available,52,2%,6,Mathematics,,,
adenoidal.wedding,available,52,1%,9,"Health and Fitness,Medicine,Science",,,
lxviii.wedding,available,52,1%,6,Mathematics,,,
lxxxiv.wedding,available,52,1%,6,Mathematics,,,
lxxii.wedding,available,52,1%,5,Mathematics,,,
lxiv.wedding,available,52,3%,4,Mathematics,,,
lxxxvii.wedding,available,52,1%,7,Mathematics,,,
uphill.wedding,available,52,7%,6,"Sports,Transportation,Travel",,,
xcviii.wedding,available,52,1%,6,Mathematics,,,
lxxiv.wedding,available,52,1%,5,Mathematics,,,
lxv.wedding,available,52,5%,3,Mathematics,,,
repulsive.wedding,available,52,1%,9,Humanities,,,
eightyone.wedding,available,52,3%,10,Mathematics,,,
lxii.wedding,available,52,1%,4,Mathematics,,,
ixl.wedding,available,52,9%,3,Mathematics,,,
aboulic.wedding,available,52,1%,7,Medicine,,,
decumbent.wedding,available,52,1%,9,"Healthcare,Medicine,Science",,,
littlejoe.wedding,available,52,2%,10,"Entertainment,Media",,,
lxxxv.wedding,available,52,1%,5,Mathematics,,,
lxxxii.wedding,available,52,1%,6,Mathematics,,,
repugnant.wedding,available,52,1%,9,Humanities,,,
lxxxiii.wedding,available,52,1%,7,Mathematics,,,
lxxv.wedding,available,52,1%,4,Mathematics,,,
odious.wedding,available,52,2%,6,"Entertainment,Humanities",,,
sixtyfour.wedding,available,52,3%,10,Mathematics,,,
lxxiii.wedding,available,52,1%,6,Mathematics,,,
lxvi.wedding,available,52,3%,4,Mathematics,,,
ninetytwo.wedding,available,52,4%,10,Mathematics,,,
xci.wedding,available,52,4%,3,Mathematics,,,
chagrined.wedding,available,52,1%,9,Humanities,,,
abysmal.wedding,available,52,4%,7,"Arts,Entertainment,Media",,,
xciii.wedding,available,52,1%,5,Mathematics,,,
xciv.wedding,available,52,2%,4,Mathematics,,,
sixtysix.wedding,available,52,4%,9,Mathematics,,,
lxxvi.wedding,available,52,1%,5,Mathematics,,,
xcii.wedding,available,52,2%,4,Mathematics,,,
abusive.wedding,available,52,3%,7,"Healthcare,Law",,,
sixtytwo.wedding,available,52,3%,9,Mathematics,,,
eightytwo.wedding,available,52,4%,10,Mathematics,,,
lxxi.wedding,available,52,1%,4,Mathematics,,,
ninetysix.wedding,available,52,4%,10,Mathematics,,,
ninetyone.wedding,available,52,5%,10,Mathematics,,,
ablated.wedding,available,52,1%,7,Science,,,
xcvi.wedding,available,52,2%,4,Mathematics,,,
detestable.wedding,available,52,1%,10,Humanities,,,
lxxxi.wedding,available,52,1%,5,Mathematics,,,
lxi.wedding,available,52,5%,3,Mathematics,,,
xcv.wedding,available,52,7%,3,Mathematics,,,
lxxxvi.wedding,available,52,1%,6,Mathematics,,,
lxiii.wedding,available,52,2%,5,Mathematics,,,
tierce.wedding,available,52,3%,6,General,,,
abstruse.wedding,available,52,5%,8,"Humanities,Mathematics,Science",,,
ixc.wedding,available,52,5%,3,Mathematics,,,
sixtyfive.wedding,available,52,3%,10,Mathematics,,,
spinous.wedding,available,50,1%,7,"Agriculture,Science",,,
acerb.wedding,available,50,2%,5,Science,,,
scummy.wedding,available,50,1%,6,Humanities,,,
gillless.wedding,available,50,0%,9,Science,,,
acerose.wedding,available,50,1%,7,Science,,,
acetous.wedding,available,50,1%,7,Science,,,
quint.wedding,available,50,13%,5,"Arts,Entertainment",,,
acapnotic.wedding,available,50,0%,9,"Healthcare,Medicine,Science",,,
adactylous.wedding,available,50,0%,10,Science,,,
abdicable.wedding,available,50,0%,9,Law,,,
acetose.wedding,available,50,1%,7,Science,,,
trine.wedding,available,50,11%,5,"General,Religion",,,
cinque.wedding,available,50,7%,6,Mathematics,,,
broached.wedding,available,50,0%,8,Food and Beverage,,,
triplet.wedding,available,50,8%,7,Science,,,
acellular.wedding,available,50,1%,9,Science,,,
vinegary.wedding,available,50,1%,8,Food and Beverage,,,
acerbic.wedding,available,50,2%,7,"Arts,Humanities,Media",,,
abducting.wedding,available,50,0%,9,Medicine,,,
acaudal.wedding,available,50,1%,7,"Agriculture,Science",,,
aculeated.wedding,available,50,0%,9,"Engineering,Medicine,Science",,,
aborticide.wedding,available,50,0%,10,Medicine,,,
abactinal.wedding,available,50,0%,9,Science,,,
acapnic.wedding,available,50,0%,7,"Healthcare,Medicine,Science",,,
ogdoad.wedding,available,50,1%,6,Mathematics,,,
needlelike.wedding,available,50,0%,10,"Engineering,Medicine,Science",,,
adhominem.wedding,available,50,2%,10,"Humanities,Law,Politics",,,
lxx.wedding,available,50,5%,3,Mathematics,,,
acquitted.wedding,available,50,1%,9,Law,,,
abranchial.wedding,available,50,0%,10,Science,,,
abomasal.wedding,available,50,0%,8,Agriculture,,,
abbatial.wedding,available,50,0%,8,Religion,,,
execrable.wedding,available,48,0%,9,"Entertainment,Humanities",,,
lxxxviii.wedding,available,48,1%,8,Mathematics,,,
ilxx.wedding,available,48,1%,4,Mathematics,,,
notguilty.wedding,available,48,5%,10,Law,,,
ilxxx.wedding,available,48,1%,5,Mathematics,,,
abstracted.wedding,available,48,5%,10,"Arts,Humanities,Science",,,
abyssal.wedding,available,48,12%,7,"Arts,Entertainment,Media",,,
apriori.wedding,available,48,13%,8,Mathematics,,,
stemless.wedding,available,46,2%,8,"Agriculture,Science",,,
acaudate.wedding,available,46,1%,8,"Agriculture,Science",,,
achromic.wedding,available,46,2%,8,Science,,,
acetonic.wedding,available,46,1%,8,Science,,,
acephalous.wedding,available,46,1%,10,Science,,,
acicular.wedding,available,46,2%,8,Science,,,
theabsurd.wedding,available,46,1%,10,"Arts,Entertainment,Media",,,
acanthous.wedding,available,46,0%,9,"Agriculture,Science",,,
cotyloid.wedding,available,46,1%,8,Science,,,
acarpous.wedding,available,46,0%,8,"Agriculture,Science",,,
stripling.wedding,available,46,2%,9,"Education,Entertainment,Healthcare",,,
acanthotic.wedding,available,46,0%,10,"Agriculture,Science",,,
vinegarish.wedding,available,46,1%,10,Food and Beverage,,,
acapnial.wedding,available,46,0%,8,"Healthcare,Medicine,Science",,,
acanthoid.wedding,available,46,1%,9,"Agriculture,Science",,,
acetabular.wedding,available,46,1%,10,Science,,,
quaternary.wedding,available,46,3%,10,Mathematics,,,
acheronian.wedding,available,46,1%,10,Humanities,,,
achenial.wedding,available,46,1%,8,Science,,,
acetylic.wedding,available,46,1%,8,Science,,,
acarpelous.wedding,available,46,0%,10,"Agriculture,Science",,,
acetylenic.wedding,available,46,1%,10,Science,,,
achromous.wedding,available,46,1%,9,Science,,,
cotyloidal.wedding,available,44,1%,10,Science,,,
acherontic.wedding,available,44,1%,10,Humanities,,,
accusatory.wedding,available,44,1%,10,Law,,,
abscessed.wedding,available,41,0%,9,Healthcare,,,
phoebe.wedding,available,41,14%,6,Science,,,
accurst.wedding,available,40,1%,7,Religion,,,
scurrilous.wedding,available,40,1%,10,"Entertainment,Media,Politics",,,
accusive.wedding,available,40,1%,8,Law,,,